CREATE DATABASE CakeData;
GO

USE CakeData;
GO

CREATE TABLE Cakes (
    id INT PRIMARY KEY,
    name NVARCHAR(255),
    description NVARCHAR(255),
);
GO

CREATE TABLE CakeImages (
    id_cake INT,
    url NVARCHAR(255),
    PRIMARY KEY (id_cake, url),
    FOREIGN KEY (id_cake) REFERENCES Cakes(id) on delete cascade
);
GO

CREATE TABLE CakeSizes (
    id_cake INT,
    size NVARCHAR(255),
    price INT,
    old_price INT,
    PRIMARY KEY (id_cake, size),
    FOREIGN KEY (id_cake) REFERENCES Cakes(id) on delete cascade
);
GO

CREATE TABLE Clients (
   id INT PRIMARY KEY IDENTITY(1,1),
   name NVARCHAR(255) NOT NULL,
   email NVARCHAR(255) NOT NULL UNIQUE,
   phone NVARCHAR(255) UNIQUE,
   password NVARCHAR(255) NOT NULL,
);
GO

CREATE TABLE Orders (
   id INT PRIMARY KEY IDENTITY(1,1),
   id_client INT,
   id_cake INT,
   size NVARCHAR(255),
   quantity INT,
   notice NVARCHAR(max),
   date NVARCHAR(255),
   address NVARCHAR(255),
   total INT,
   FOREIGN KEY (id_client) REFERENCES Clients(id) on delete cascade,
   FOREIGN KEY (id_cake) REFERENCES Cakes(id) on delete cascade
);
GO

INSERT INTO [dbo].[Cakes]([id],[name],[description])VALUES (0,N'Hộp quà tết Lộc Xuân',N'Hộp quà Tết Lộc Xuân và 5 lọ gồm: kẹo nougat mix vị lọ 200g, kẹo dẻo mix vị lọ 200g, xoài sấy dẻo lọ 150g, khô heo vị bò lọ 100g và bánh thuyền gạo lứt lọ 100g')
INSERT INTO [dbo].[Cakes]([id],[name],[description])VALUES (1,N'Hộp quà tết Như Ý',N'Hộp quà Tết Như Ý, rượu vang đỏ Đà Lạt Classic 750ml và 5 lọ bánh, kẹo giống hộp Lộc Xuân')
INSERT INTO [dbo].[Cakes]([id],[name],[description])VALUES (2,N'Set 5 loại kẹo (túi 500g)',N'Gồm 3 vị kẹo nougat (sữa siêu hạt, socola hạnh nhân, lục trà nhài sữa chua) và 2 vị kẹo dẻo (cherry, chanh leo). Mỗi loại 100g')
INSERT INTO [dbo].[Cakes]([id],[name],[description])VALUES (3,N'Set 5 loại kẹo & bánh thuyền (túi 1kg)',N'Gồm 250g bánh thuyền gạo lứt + 3 vị kẹo nougat (sữa siêu hạt, socola hạnh nhân, lục trà nhài sữa chua) + 2 vị kẹo dẻo (cherry, chanh leo). Mỗi loại kẹo 150g')
INSERT INTO [dbo].[Cakes]([id],[name],[description])VALUES (4,N'Kẹo dẻo mix vị (túi 500g)',N'Túi mix 2 vị kẹo dẻo: cherry macca và chanh leo hạnh nhân')
INSERT INTO [dbo].[Cakes]([id],[name],[description])VALUES (5,N'Kẹo nougat mix vị (túi 500g)',N'Túi mix 3 vị kẹo nougat: lục trà nhài sữa chua, socola hạnh nhân và sữa siêu hạt')
INSERT INTO [dbo].[Cakes]([id],[name],[description])VALUES (6,N'Bánh thuyền gạo lứt mix hạt (túi 500g)',N'Món bánh dành cho tín đồ ăn kiêng, tập gym, giữ dáng, đẹp da, ăn ngon lại không lo béo')
INSERT INTO [dbo].[Cakes]([id],[name],[description])VALUES (7,N'Kẹo dẻo cherry (túi 500g)',N'Món kẹo dẻo Đài Loan siêu hot năm nay, vị cherry chua chua ngọt ngọt kết hợp với hạt macca bùi bùi, ăn siêu cuốn')
INSERT INTO [dbo].[Cakes]([id],[name],[description])VALUES (8,N'Kẹo dẻo chanh leo (túi 500g)',N'Kẹo dẻo vị chanh leo kết hợp với hạt hạnh nhân, vừa ngon lại không lo bị ngọt')
INSERT INTO [dbo].[Cakes]([id],[name],[description])VALUES (9,N'Kẹo nougat vị lục trà nhài sữa chua (túi 500g)',N'Vị lục trà nhài thơm thơm, hấp dẫn kết hợp cùng sữa chua sấy, lạ miêng mà siêu ngon')
INSERT INTO [dbo].[Cakes]([id],[name],[description])VALUES (10,N'Kẹo nougat vị socola hạnh nhân (túi 500g)',N'Socola kết hợp với hạnh nhân bùi bùi vui miệng')
INSERT INTO [dbo].[Cakes]([id],[name],[description])VALUES (11,N'Kẹo nougat vị sữa siêu hạt túi (túi 500g)',N'Vị kẹo nougat truyền thống nhưng x2 lượng hạt (sử dụng nguồn nguyên liệu cao cấp, chất lượng)')
INSERT INTO [dbo].[Cakes]([id],[name],[description])VALUES (12,N'Bánh kem Sữa Chua Hoa Quả Tươi',N'2 - 3 lớp cốt bánh vani, xen giữa lớp cốt là phần nhân mứt xoài và xoài tươi. Trên mặt bánh được trang trí thêm phần hoa quả tươi chất lượng gồm xoài, nho và việt_quất')
INSERT INTO [dbo].[Cakes]([id],[name],[description])VALUES (13,N'Bánh red velvet sữa chua việt quất',N'Bánh kem cốt red velvet tròn, kem sữa chua, bên trên trang trí 3 quả việt quất')
INSERT INTO [dbo].[Cakes]([id],[name],[description])VALUES (14,N'Bánh bông lan trứng muối xoài',N'Cốt vani, sốt bơ trứng. Trang trí thêm chà bông heo đặc biệt, xoài và trứng muối')
INSERT INTO [dbo].[Cakes]([id],[name],[description])VALUES (15,N'Bánh kem tươi socola dâu tây xoài việt quất',N'Cốt và kem socola. Trang trí thêm xoài, dâu tây, việt quất. Giao trong 1h')
INSERT INTO [dbo].[Cakes]([id],[name],[description])VALUES (17,N'Bánh kem tươi dâu tây xoài việt quất',N'Kem tươi, cốt vani mứt xoài, nhân xoài tươi. Trang trí thêm xoài tươi, dâu tây, việt quất. Giao trong 1h')
INSERT INTO [dbo].[Cakes]([id],[name],[description])VALUES (18,N'Bánh red velvet tròn dâu Đà Lạt',N'2-3 lớp cốt bánh red velvet kết hợp cùng kem vị sữa chua thơm dịu, mặt bánh và chân bánh được phủ vụn lớp vụn red velvet, trang trí thêm 3-9 quả dâu tây.')
INSERT INTO [dbo].[Cakes]([id],[name],[description])VALUES (19,N'Bánh kem sữa chua dâu tây',N'Cốt vani, kem sữa chua, nhân mứt dâu tây. Trang trí thêm dâu tây tươi ở trên')
INSERT INTO [dbo].[Cakes]([id],[name],[description])VALUES (20,N'Bánh kem màu loang dâu Đà Lạt',N'2-3 lớp cốt bánh vani kết hợp cùng kem tươi và mứt dâu tây. Mặt bánh và thành bánh trang trí màu loang phong cách Hàn Quốc cùng 1-6 quả dâu tây Đà Lạt')
INSERT INTO [dbo].[Cakes]([id],[name],[description])VALUES (21,N'Bánh kem sữa chua dâu mix hoa quả',N'Cốt vani, kem sữa chua, nhân mứt dâu tây. Trang trí thêm dâu tây, việt quất, xoài và mứt dâu tây')
INSERT INTO [dbo].[Cakes]([id],[name],[description])VALUES (22,N'Bánh hồng kem chảy dâu Đà Lạt',N'Bánh kem tươi cốt vani, xen giữa các lớp cốt bánh là mứt dâu tây. Bánh màu hồng pastel, mặt bánh phủ lớp kem sữa tan chảy và trang trí cùng 4-10 quả dâu tây Đà Lạt')
INSERT INTO [dbo].[Cakes]([id],[name],[description])VALUES (24,N'Bánh mousse sữa chua Cherry NEW',N'Cốt bánh bông lan mềm ẩm vị vani, kết hợp 2 lớp mousse: cherry thanh ngọt và sữa chua kem béo mịn chua nhẹ. Trang trí thêm cherry tươi nhập khẩu')
INSERT INTO [dbo].[Cakes]([id],[name],[description])VALUES (25,N'Bánh mousse Cherry socola NEW',N'Cốt bánh socola mềm ẩm thơm ngon kết hợp cùng lớp mousse cherry ngọt dịu. Trang trí bắt kem và thêm quả cherry tươi đỏ mọng')
INSERT INTO [dbo].[Cakes]([id],[name],[description])VALUES (26,N'Bánh kem Black Forest Cherry NEW',N'Kết hợp giữa vị ngọt ngào của chocolate thượng hạng và vị chua của mứt cherry cao cấp, và thịt quả cherry. Trang trí thêm cherry nhập khẩu đỏ mọng')
INSERT INTO [dbo].[Cakes]([id],[name],[description])VALUES (27,N'Bánh kem Sữa chua Cherry NEW',N'Cốt vani, kem sữa chua thơm béo lại chua nhẹ lạ miệng, kết hợp vị ngọt thanh từ quả cherry tươi')
INSERT INTO [dbo].[Cakes]([id],[name],[description])VALUES (28,N'Mousse sữa chua việt quất',N'Cốt vani xen kẽ các tầng bánh. Tầng dưới cùng là lớp mousse việt quất, tiếp theo là tầng mousse sữa chua và trên cùng là lớp thạch gelatin việt quất. Trang trí bằng việt quất, dâu tươi Đà Lạt, socola trắng và lá hương thảo')
INSERT INTO [dbo].[Cakes]([id],[name],[description])VALUES (29,N'Mousse Xoài',N'Bánh mousse mang đậm hương vị xoài ngọt mát dễ chịu, kem tươi whipping cream kết hợp cùng sữa chua cốt vani, trang trí thêm xoài trên mặt bánh để thêm đậm vị cùng socola')
INSERT INTO [dbo].[Cakes]([id],[name],[description])VALUES (30,N'Mousse Chanh Leo',N'Mousse mát lạnh sử dụng chanh leo tươi bỏ hạt và kem tươi whipping cream cùng cốt bánh vani, trang trí socola.')
INSERT INTO [dbo].[Cakes]([id],[name],[description])VALUES (31,N'Mousse bơ sữa dừa',N'Chất bánh mousse mềm, mịn, ngọt bùi, kết hợp với 2 lớp mousse thơm ngậy của bơ và sữa dừa, bồng bềnh nhẹ nhàng như tan trong miệng. Trang trí thêm hoa quả bên trên, cùng một bông hoa nhỏ xinh ở giữa.')
INSERT INTO [dbo].[Cakes]([id],[name],[description])VALUES (32,N'Mousse việt quất socola',N'Gồm 2 lớp mousse việt quất xen cùng 2 lớp cốt bánh vị socola. Trên cùng là lớp thạch tráng gương vị việt quất, trang trí thêm dâu, việt quất và nho xanh tươi')
INSERT INTO [dbo].[Cakes]([id],[name],[description])VALUES (33,N'Bánh Tiramisu',N'Cốt socola thấm quyện với vị cà phê đăng đắng và rượu rum thơm nức. Thêm lớp kem tiramisu làm từ phô mai Mascarpone và kem tươi Whipping nhập khẩu loại xịn.')
INSERT INTO [dbo].[Cakes]([id],[name],[description])VALUES (34,N'Mousse sữa chua dâu tây',N'Cốt vani xen kẽ các tầng bánh. Dưới cùng là tầng bánh mousse dâu tây, tiếp theo là tầng mousse sữa chua và trên cùng là lớp thạch gelatin dâu tây. Trang trí bằng dâu tươi Đà Lạt, việt quất và socola trắng')
INSERT INTO [dbo].[Cakes]([id],[name],[description])VALUES (38,N'Bánh kem Sữa Chua Hoa Quả Tươi',N'2 - 3 lớp cốt bánh vani, xen giữa lớp cốt là phần nhân mứt xoài và xoài tươi. Trên mặt bánh được trang trí thêm phần hoa quả tươi chất lượng gồm xoài, nho và việt_quất')
INSERT INTO [dbo].[Cakes]([id],[name],[description])VALUES (39,N'Bánh kem Tim Red Velvet',N'Bánh hình trái tim, 2 - 3 lớp cốt Red Velvet. Kết hợp cùng với phần kem vị sữa chua thơm dịu. Mặt bánh và chân bánh được phủ lớp vụn bánh red velvet.')
INSERT INTO [dbo].[Cakes]([id],[name],[description])VALUES (40,N'Bánh kem Cà phê Cốt dừa',N'Cốt bánh vị cafe Robusta kết hợp cùng kem được đánh cùng cốt dừa, trang trí thêm quả việt quất và lá hương thảo. Lớp kem ngoài Gồm 2 tầng màu (nâu, be) phù hợp với phái mạnh.')
INSERT INTO [dbo].[Cakes]([id],[name],[description])VALUES (41,N'Bánh kem Xoài Dừa',N'Bánh cốt vani trang trí 2 lớp kem dừa và kem xoài, phía trên thêm xoài cắt và cơm dừa.')
INSERT INTO [dbo].[Cakes]([id],[name],[description])VALUES (42,N'Bánh kem tim red velvet kem sữa chua hoa quả',N'Bánh hình trái tim, 2 - 3 lớp cốt Red Velvet, kem vị sữa chua thơm dịu. Mặt và chân bánh phủ vụn red velvet, trang trí thêm hoa quả tươi:dâu tây và việt quất')
INSERT INTO [dbo].[Cakes]([id],[name],[description])VALUES (43,N'Bánh kem Green Tea',N'Cốt bánh trà xanh hương nhài và kem tươi vị trà xanh, trang trí socola trắng.')
INSERT INTO [dbo].[Cakes]([id],[name],[description])VALUES (45,N'Bánh kem Xoài Chanh Leo',N'Bánh kem cốt vani, mứt xoài, nhân xoài tươi, kem vị chanh leo, trang trí thêm xoài tươi trên mặt')
INSERT INTO [dbo].[Cakes]([id],[name],[description])VALUES (46,N'Mousse matcha yogurt',N'Gồm 2 lớp mousse: trà xanh và sữa chua, với 2 lớp cốt trà xanh xen kẽ. Hương vị tươi mát, không quá ngọt. Phía trên là lớp thạch tráng gương vị trà xanh, trang trí thêm hoa socola trắng.')
INSERT INTO [dbo].[Cakes]([id],[name],[description])VALUES (47,N'Mousse cà phê cốt dừa',N'Gồm 2 lớp mousse: cà phê đậm đà và cốt dừa mát lạnh lại ngọt bùi, cùng 2 lớp cốt bánh vị cà phê xen kẽ. Phía trên là lớp thạch tráng gương vị cà phê, trang trí thêm hạt hạnh nhân bắt mắt')
INSERT INTO [dbo].[Cakes]([id],[name],[description])VALUES (50,N'Bánh bông lan trứng muối xoài',N'Cốt vani, sốt bơ trứng. Trang trí thêm chà bông heo đặc biệt, xoài và trứng muối')
INSERT INTO [dbo].[Cakes]([id],[name],[description])VALUES (52,N'Bánh BLTM Trái Tim',N'Phiên bản nhiều ruốc, nhiều trứng muối hơn, trang trí thêm hình trái tim trên mặt. Cốt bánh mềm ẩm, ngoài sốt dầu trứng còn có thêm sốt phô mai béo ngậy, ăn cùng chà bông heo và ruốc gà cay.')
INSERT INTO [dbo].[Cakes]([id],[name],[description])VALUES (53,N'Bánh BLTM Việt Quất',N'Cốt bông lan mềm mịn kết hợp sốt bơ trứng và sốt phô mai béo ngậy, xen giữa chà bông heo và trứng muối ở mỗi lớp bánh, trang trí thêm việt quất tươi')
INSERT INTO [dbo].[Cakes]([id],[name],[description])VALUES (54,N'Bánh BLTM Bông Hoa',N'Cốt bông lan mềm mịn kết hợp sốt bơ trứng và sốt phô mai béo ngậy, xen giữa chà bông heo và trứng muối ở mỗi lớp bánh.')
INSERT INTO [dbo].[Cakes]([id],[name],[description])VALUES (55,N'Bánh kem Triple Choco',N'Bánh 3 lần vị socola: cốt bánh socola, kem tươi vị socola, trang trí socola chip và socola sệt.')
INSERT INTO [dbo].[Cakes]([id],[name],[description])VALUES (57,N'Bánh kem Socola Cục Shit Nhỏ',N'Bánh kem cốt socola, nhân kem socola, trang trí lớp kem chảy và kem hình cục shit')
INSERT INTO [dbo].[Cakes]([id],[name],[description])VALUES (58,N'Mousse Socola',N'Bánh có lớp cốt bằng socola kết hợp cùng lớp mousse thơm, mịn và có vị hơi đắng nhẹ. Trên mặt bánh là lớp tráng gương socola. Bánh được trang trí bằng socola trắng và hạt hạnh nhân bùi bùi.')
INSERT INTO [dbo].[Cakes]([id],[name],[description])VALUES (60,N'Bánh hoa Tulip vải voan',N'Bánh kem cốt vani, thêm mứt xoài và xoài tươi, trang trí bắt hoa Tulip, màu sắc theo khách lựa chọn')
INSERT INTO [dbo].[Cakes]([id],[name],[description])VALUES (61,N'Bánh kem Bó hoa Tulip Hồng',N'Cốt vani, nhân mứt xoài + xoài tươi cát chu, kem tươi ít ngọt. Trang trí như một bó hoa tulip đan xen hai màu hồng kem, đựng trong #hộp_mica sang trọng.')
INSERT INTO [dbo].[Cakes]([id],[name],[description])VALUES (62,N'Bánh kem Tulip voan hồng',N'Cốt vani, nhân mứt xoài + xoài tươi cát chu, kem tươi ít ngọt. Trang trí với 2 cành hoa tulip, lớp voan mềm bao ngoài, thêm bi bạc nhỏ và nến xoắn dài trên mặt. Giao ngẫu nhiên hoa hồng phấn và hồng phớt')
INSERT INTO [dbo].[Cakes]([id],[name],[description])VALUES (63,N'Bánh kem Bó hoa Tulip Tím',N'Cốt vani, nhân mứt xoài + xoài tươi cát chu, kem tươi ít ngọt. Trang trí như một bó hoa tulip đan xen hai màu tím kem, đựng trong #hộp_mica sang trọng.')
INSERT INTO [dbo].[Cakes]([id],[name],[description])VALUES (64,N'Bánh kem Hoa Mặt Cười',N'Bánh kem cốt vani mứt xoài và xoài tươi, trang trí hình bông hoa mặt cười hot trend ngộ nghĩnh')
INSERT INTO [dbo].[Cakes]([id],[name],[description])VALUES (65,N'Bánh kem Pinky Princess',N'Gồm 3 lớp cốt vani, kết hợp mứt dâu, kem vị dâu tây, trang trí hình công chúa, thích hợp cho các bé gái.')
INSERT INTO [dbo].[Cakes]([id],[name],[description])VALUES (66,N'Bánh kem Baby Shark',N'Cốt socola, kem vani, que cắm trang trí Baby Shark')
INSERT INTO [dbo].[Cakes]([id],[name],[description])VALUES (67,N'Bánh kem Red Car',N'Bánh kem vani kích thước 16x10x8cm, nhân mứt dâu và kem vị dâu tây, bánh trang trí hình ô tô đỏ, sở thích của các bé trai.')
INSERT INTO [dbo].[Cakes]([id],[name],[description])VALUES (68,N'Bánh kem Siêu anh hùng',N'Cốt socola, kem vani, que cắm trang trí Siêu anh hùng')
INSERT INTO [dbo].[Cakes]([id],[name],[description])VALUES (69,N'Bánh kem Choco bear',N'Cốt bánh socola 2 tầng, kết hợp với kem tươi và socola sệt, tạo hình mặt gấu.')
INSERT INTO [dbo].[Cakes]([id],[name],[description])VALUES (70,N'Bánh kem khủng long',N'Cốt socola, kem socola, que cắm trang trí khủng long')
INSERT INTO [dbo].[Cakes]([id],[name],[description])VALUES (71,N'Bánh kem Elsa',N'Cốt socola, kem vani, que cắm trang trí Elsa')
INSERT INTO [dbo].[Cakes]([id],[name],[description])VALUES (72,N'Bánh kem Mango Chick',N'Cốt bánh vani 2 tầng, kết hợp với mứt xoài, kem tươi vị xoài, tạo hình gà con.')
INSERT INTO [dbo].[Cakes]([id],[name],[description])VALUES (73,N'Bánh vẽ người nhện',N'Bánh kem được chọn 1 trong 7 hương vị bánh: socola, trà xanh, cà phê, dâu tây, xoài, việt quất, dưa lưới.')
INSERT INTO [dbo].[Cakes]([id],[name],[description])VALUES (76,N'Bông lan trứng muối vuông cắt miếng 16',N'Cốt bánh vani, kết hợp cùng sốt phô mai và sốt bơ trứng thơm ngậy, bên trên trang trí ruốc gà cay, chà bông heo và trứng muối')
INSERT INTO [dbo].[Cakes]([id],[name],[description])VALUES (77,N'Bánh mousse vuông sữa chua việt quất',N'Cốt vani với 2 lớp mousse sữa chua và mousse việt quất, bên trên trang trí việt quất và xoài tươi. Có thể lựa chọn cắt bánh (tối đa 16 miếng) hoặc không cắt bánh.')
INSERT INTO [dbo].[Cakes]([id],[name],[description])VALUES (80,N'Set mousse trang trí hoa quả tươi (set 9)',N'')
INSERT INTO [dbo].[Cakes]([id],[name],[description])VALUES (81,N'Set mousse vị không trang trí hoa quả (set 9)',N'')
INSERT INTO [dbo].[Cakes]([id],[name],[description])VALUES (82,N'Set mousse trang trí hoa quả tươi (set 25)',N'')
INSERT INTO [dbo].[Cakes]([id],[name],[description])VALUES (83,N'Set mousse trang trí hoa quả tươi (set 12)',N'')
INSERT INTO [dbo].[Cakes]([id],[name],[description])VALUES (84,N'Set mousse vị không trang trí hoa quả (set 12)',N'')
INSERT INTO [dbo].[Cakes]([id],[name],[description])VALUES (86,N'Set mousse vị không trang trí hoa quả (set 25)',N'')
INSERT INTO [dbo].[Cakes]([id],[name],[description])VALUES (88,N'Bánh kem chữ nhật cắt miếng vị sữa chua hoa quả',N'Kem tươi vị sữa chua, mứt việt quất, cốt vani. Trang trí hoa quả như ảnh, gồm xoài, việt quất, nho và dâu tây. Cắt sẵn 35 miếng')
INSERT INTO [dbo].[Cakes]([id],[name],[description])VALUES (90,N'Bánh kem chữ nhật vẽ logo',N'Kem tươi vị sữa chua, mứt việt quất, cốt vani. Trang trí thêm hoa quả tươi gồm nho, xoài, dâu tây, việt quất. Bánh chữ nhật nguyên khối chưa cắt miếng, chữ viết tùy chọn')
INSERT INTO [dbo].[Cakes]([id],[name],[description])VALUES (91,N'Bông lan trứng muối chữ nhật không cắt miếng',N'Cốt bánh vani, kết hợp cùng sốt phô mai và sốt bơ trứng thơm ngậy, bên trên trang trí ruốc gà cay, chà bông heo và trứng muối, viết lịch theo yêu cầu')
INSERT INTO [dbo].[Cakes]([id],[name],[description])VALUES (93,N'Bánh kem chữ nhật cắt miếng viết chữ',N'Kem tươi vị sữa chua, mứt việt quất, cốt vani. Viết chữ theo yêu cầu. Phù hợp với những sự kiện cho công ty, cửa hàng có nhiều người. Cắt sẵn 35 miếng')
INSERT INTO [dbo].[Cakes]([id],[name],[description])VALUES (94,N'Bánh kem chữ nhật order',N'Khách chọn 2 option: Cốt vani, kem sữa chua, mứt việt quất hoặc Cốt socola, kem socola, mứt việt quất. Hoa quả trang trí tùy yêu cầu và tính tiền riêng')
INSERT INTO [dbo].[Cakes]([id],[name],[description])VALUES (95,N'Bánh kem Galaxy Blue',N'Bánh kem tươi cốt vani, xen giữa các lớp bánh là mứt việt quất, trang trí phong cách Hàn Quốc.')
INSERT INTO [dbo].[Cakes]([id],[name],[description])VALUES (97,N'Bánh kem Trái tim nhí',N'Bánh kem cốt vani, mứt xoài và xoài tươi, trang trí hình tim')
INSERT INTO [dbo].[Cakes]([id],[name],[description])VALUES (98,N'Bánh kem Cherry Hồng Pastel',N'Bánh kem cốt vani mứt cherry, trang trí màu hồng pastel nhẹ nhàng và hình cherry nhỏ xinh')
INSERT INTO [dbo].[Cakes]([id],[name],[description])VALUES (99,N'Bánh kem Colorful Rainbow',N'Bánh kem cốt vani, mứt xoài, nhân xoài tươi, trang trí kem màu trên mặt bánh phong cách Hàn Quốc')
INSERT INTO [dbo].[Cakes]([id],[name],[description])VALUES (100,N'Bánh kem Colorful 5 màu',N'Bánh kem cốt vani, mứt xoài, nhân xoài tươi, trang trí kem màu trên mặt bánh phong cách Hàn Quốc')
INSERT INTO [dbo].[CakeImages]([id_cake],[url])VALUES (0,'https://www.savor.vn/static/06799053d13e0e59a669d8ecd1fd2854/bac4f/set-qua-tet-loc-xuan.jpg')
INSERT INTO [dbo].[CakeImages]([id_cake],[url])VALUES (1,'https://www.savor.vn/static/e4891dcd98ba8f9d738695d332bd27da/bac4f/set-qua-tet-nhu-y.jpg')
INSERT INTO [dbo].[CakeImages]([id_cake],[url])VALUES (2,'https://www.savor.vn/static/0fb0f36f32c28da90d99e1e0e478996c/45984/combo-mix-5-loai-keo-tui-500g.jpg')
INSERT INTO [dbo].[CakeImages]([id_cake],[url])VALUES (3,'https://www.savor.vn/static/519ec83984c58db4827a07fff3bd982d/c0ebb/combo-mix-5-loai-keo-%26-banh-thuyen-tui-1kg.jpg')
INSERT INTO [dbo].[CakeImages]([id_cake],[url])VALUES (4,'https://www.savor.vn/static/31b18b97652fac28512368bf71fdb4c0/66015/keo-deo-mix-vi.jpg')
INSERT INTO [dbo].[CakeImages]([id_cake],[url])VALUES (5,'https://www.savor.vn/static/39c4a5b9ffaba3e41fc44425f65930ce/3525b/keo-nougat-mix-vi.jpg')
INSERT INTO [dbo].[CakeImages]([id_cake],[url])VALUES (6,'https://www.savor.vn/static/1aea3fd18445a4f45a9d424e71924101/c99ab/banh-thuyen-gao-lut-mix-hat.jpg')
INSERT INTO [dbo].[CakeImages]([id_cake],[url])VALUES (7,'https://www.savor.vn/static/8287ba0f75e8df3c564c5e3ab1f4f0f0/3af65/keo-deo-cherry.jpg')
INSERT INTO [dbo].[CakeImages]([id_cake],[url])VALUES (8,'https://www.savor.vn/static/dde4bf42639205b48c7b2d602f361cb1/de179/keo-deo-chanh-leo.jpg')
INSERT INTO [dbo].[CakeImages]([id_cake],[url])VALUES (9,'https://www.savor.vn/static/32277391fc17192c99fb9414444d24e0/3fd2e/keo-nougat-vi-luc-tra-nhai-sua-chua.jpg')
INSERT INTO [dbo].[CakeImages]([id_cake],[url])VALUES (10,'https://www.savor.vn/static/20794d845b0a730d644378bd61c75064/27f67/keo-nougat-vi-socola-hanh-nhan.jpg')
INSERT INTO [dbo].[CakeImages]([id_cake],[url])VALUES (11,'https://www.savor.vn/static/f260d9d65c41a054ad1b532878c0c512/4e556/keo-nougat-vi-sua-sieu-hat.jpg')
INSERT INTO [dbo].[CakeImages]([id_cake],[url])VALUES (12,'https://www.savor.vn/static/5636960d0a53234e96c249d6d6e23a2a/9e423/banh-kem-sua-chua-hoa-qua-tuoi.png')
INSERT INTO [dbo].[CakeImages]([id_cake],[url])VALUES (13,'https://www.savor.vn/static/9950e0395b73fe61b118e75daa7a567a/29b42/banh-red-velvet-sua-chua-viet-quat.jpg')
INSERT INTO [dbo].[CakeImages]([id_cake],[url])VALUES (14,'https://www.savor.vn/static/36037f8fb1d5d60ba41e1ee0c5755442/d112e/banh-bong-lan-trung-muoi-xoai.png')
INSERT INTO [dbo].[CakeImages]([id_cake],[url])VALUES (15,'https://www.savor.vn/static/d509470ecb2aa240a0af4f64cbe55736/38ef6/banh-kem-tuoi-socola-dau-tay-xoai-viet-quat.jpg')
INSERT INTO [dbo].[CakeImages]([id_cake],[url])VALUES (17,'https://www.savor.vn/static/f7728d88e07fb479f77349bf29760fad/36c57/banh-kem-tuoi-dau-tay-xoai-viet-quat.jpg')
INSERT INTO [dbo].[CakeImages]([id_cake],[url])VALUES (18,'https://www.savor.vn/static/d42a036de61c60d1c4dabfcf3b3329da/b64f2/banh-red-velvet-tron-dau-da-lat.png')
INSERT INTO [dbo].[CakeImages]([id_cake],[url])VALUES (19,'https://www.savor.vn/static/56392c449660aade75e3c3aa833ba5c0/4a5ed/banh-kem-sua-chua-dau-tay.png')
INSERT INTO [dbo].[CakeImages]([id_cake],[url])VALUES (20,'https://www.savor.vn/static/10182cf16deac4a8d707b96369d20700/fcf1d/banh-kem-loang-dau-da-lat.png')
INSERT INTO [dbo].[CakeImages]([id_cake],[url])VALUES (21,'https://www.savor.vn/static/803c17123e9a896c1066b8256b194e7c/78922/banh-kem-sua-chua-dau-mix-hoa-qua.png')
INSERT INTO [dbo].[CakeImages]([id_cake],[url])VALUES (22,'https://www.savor.vn/static/0806f69a76aae484d36c3331bfa07c6c/7f132/banh-hong-kem-chay-dau-da-lat.png')
INSERT INTO [dbo].[CakeImages]([id_cake],[url])VALUES (24,'https://www.savor.vn/static/ebfaab4a24dc8ea0a9bdebfe0df0d027/8344c/banh-mousse-sua-chua-cherry.jpg')
INSERT INTO [dbo].[CakeImages]([id_cake],[url])VALUES (25,'https://www.savor.vn/static/21644d0314ba0fbc02492a38bdaf2225/858fd/banh-mousse-cherry-socola.jpg')
INSERT INTO [dbo].[CakeImages]([id_cake],[url])VALUES (26,'https://www.savor.vn/static/f579a4248a4ee3150f1bd92ea63c98d3/f88e4/banh-kem-black-forest-cherry.jpg')
INSERT INTO [dbo].[CakeImages]([id_cake],[url])VALUES (27,'https://www.savor.vn/static/e01e57262053b84e0e578cded4344215/16e78/banh-kem-cherry.jpg')
INSERT INTO [dbo].[CakeImages]([id_cake],[url])VALUES (28,'https://www.savor.vn/static/ff39392c065d32c9eb5ec068e9ec24e9/91bd2/mousse-sua-chua-viet-quat.png')
INSERT INTO [dbo].[CakeImages]([id_cake],[url])VALUES (29,'https://www.savor.vn/static/46ba262438c7c503d486706b6bc3264d/be182/mousse-xoai-original.png')
INSERT INTO [dbo].[CakeImages]([id_cake],[url])VALUES (30,'https://www.savor.vn/static/43fa5f5e4a2eec0d6bac7738e18a9eda/104ee/mousse-chanh-leo.png')
INSERT INTO [dbo].[CakeImages]([id_cake],[url])VALUES (31,'https://www.savor.vn/static/b19a1d229f3cfdf87f147a2d2339f7ad/bac4f/mousse-bo-sua-dua.jpg')
INSERT INTO [dbo].[CakeImages]([id_cake],[url])VALUES (32,'https://www.savor.vn/static/e485caba2978db1b54960792a50bcdc2/42e34/mousse-viet-quat-socola.png')
INSERT INTO [dbo].[CakeImages]([id_cake],[url])VALUES (33,'https://www.savor.vn/static/e8577815c85202792e8d0d8be370c0c3/d112e/banh-tiramisu.png')
INSERT INTO [dbo].[CakeImages]([id_cake],[url])VALUES (34,'https://www.savor.vn/static/c17d4d9cceeafc58efec988d0a49af45/b0ed2/mousse-sua-chua-dau-tay.png')
INSERT INTO [dbo].[CakeImages]([id_cake],[url])VALUES (38,'https://www.savor.vn/static/5636960d0a53234e96c249d6d6e23a2a/9e423/banh-kem-sua-chua-hoa-qua-tuoi.png')
INSERT INTO [dbo].[CakeImages]([id_cake],[url])VALUES (39,'https://www.savor.vn/static/3f1e0d078afa8aeaf03d35e896662000/c5880/banh-kem-tim-red-velvet-original.png')
INSERT INTO [dbo].[CakeImages]([id_cake],[url])VALUES (40,'https://www.savor.vn/static/ae38782eb409f91a22d87734590e31c3/a8de9/banh-kem-ca-phe-cot-dua-202306.png')
INSERT INTO [dbo].[CakeImages]([id_cake],[url])VALUES (41,'https://www.savor.vn/static/8d87696701b8a18770fcd269fdee05e1/9e423/banh-kem-xoai-dua-202306.png')
INSERT INTO [dbo].[CakeImages]([id_cake],[url])VALUES (42,'https://www.savor.vn/static/a2553d9fd24bdb9baab598dacbbbc993/42e34/banh-kem-tim-red-velvet-kem-sua-chua-hoa-qua.png')
INSERT INTO [dbo].[CakeImages]([id_cake],[url])VALUES (43,'https://www.savor.vn/static/bc54f33cab2f6b372b0bdbb4eb23a0df/a2615/banh-kem-green-tea.png')
INSERT INTO [dbo].[CakeImages]([id_cake],[url])VALUES (45,'https://www.savor.vn/static/1559c9c21e1089aa66d61cb2a1ae3be0/7042b/banh-kem-xoai-chanh-leo.jpg')
INSERT INTO [dbo].[CakeImages]([id_cake],[url])VALUES (46,'https://www.savor.vn/static/adcb6d3fb8439f4021bd744b1083ab40/42e34/mousse-matcha-yogurt.png')
INSERT INTO [dbo].[CakeImages]([id_cake],[url])VALUES (47,'https://www.savor.vn/static/69708b09a25dafaa27620fbdb6af6896/7f132/mousse-ca-phe-cot-dua.png')
INSERT INTO [dbo].[CakeImages]([id_cake],[url])VALUES (50,'https://www.savor.vn/static/36037f8fb1d5d60ba41e1ee0c5755442/d112e/banh-bong-lan-trung-muoi-xoai.png')
INSERT INTO [dbo].[CakeImages]([id_cake],[url])VALUES (52,'https://www.savor.vn/static/4213e420583d88f11877b867129be158/be182/banh-bltm-trai-tim.png')
INSERT INTO [dbo].[CakeImages]([id_cake],[url])VALUES (53,'https://www.savor.vn/static/63178aefbcdc9e9b83d0e26e16ebc1d2/4604f/banh-bltm-viet-quat.png')
INSERT INTO [dbo].[CakeImages]([id_cake],[url])VALUES (54,'https://www.savor.vn/static/d33a35a812f19bef34b7a47b667018d9/db8e8/banh-bltm-bong-hoa.png')
INSERT INTO [dbo].[CakeImages]([id_cake],[url])VALUES (55,'https://www.savor.vn/static/078c3e64f0bf3e4c602863f0d14a2aba/14fae/banh-kem-triple-choco.png')
INSERT INTO [dbo].[CakeImages]([id_cake],[url])VALUES (57,'https://www.savor.vn/static/bd15efe96ae16cfe85f7a9016dddd325/7042b/banh-kem-socola-cuc-shit-nho.jpg')
INSERT INTO [dbo].[CakeImages]([id_cake],[url])VALUES (58,'https://www.savor.vn/static/08ce4a6b0bc9e698c5da8ab05c47f77c/4dc22/mousse-socola-201123.jpg')
INSERT INTO [dbo].[CakeImages]([id_cake],[url])VALUES (60,'https://www.savor.vn/static/b68cb85239e563ed2afb48ebef4acc1d/a2615/banh-hoa-tulip-vai-voan.png')
INSERT INTO [dbo].[CakeImages]([id_cake],[url])VALUES (61,'https://www.savor.vn/static/f3b8c8edc6e8073ce50edbb61d3d1be7/3aad6/banh-kem-bo-hoa-tulip-mau-hong.jpg')
INSERT INTO [dbo].[CakeImages]([id_cake],[url])VALUES (62,'https://www.savor.vn/static/95d203b2731feb93b698ce9818f79254/ce6d4/banh-kem-tulip-ruy-bang-voan-hong.jpg')
INSERT INTO [dbo].[CakeImages]([id_cake],[url])VALUES (63,'https://www.savor.vn/static/f12a5beff336eb94c30a363789fb5e8a/bac4f/banh-kem-bo-hoa-tulip-mau-tim.jpg')
INSERT INTO [dbo].[CakeImages]([id_cake],[url])VALUES (64,'https://www.savor.vn/static/57e1a6882ec0673c3c1756df18135ebf/3ff0a/banh-kem-hoa-mat-cuoi.png')
INSERT INTO [dbo].[CakeImages]([id_cake],[url])VALUES (65,'https://www.savor.vn/static/af3b4a86553bba472fb6b0fa2ea6d7c3/a6edd/banh-kem-pinky-princess.jpg')
INSERT INTO [dbo].[CakeImages]([id_cake],[url])VALUES (66,'https://www.savor.vn/static/f641562ecdf638f534e0d1198955f9e2/fcf1d/banh-kem-baby-shark.png')
INSERT INTO [dbo].[CakeImages]([id_cake],[url])VALUES (67,'https://www.savor.vn/static/b4edb98ef94ea05e95a0256240ae805e/590ae/banh-kem-red-car.jpg')
INSERT INTO [dbo].[CakeImages]([id_cake],[url])VALUES (68,'https://www.savor.vn/static/357d4644de855cb84432b6dad5f6e706/be182/banh-kem-sieu-anh-hung.png')
INSERT INTO [dbo].[CakeImages]([id_cake],[url])VALUES (69,'https://www.savor.vn/static/a471f2b74bbff9cf9ba3ba20e5783c77/bac4f/banh-kem-choco-bear.jpg')
INSERT INTO [dbo].[CakeImages]([id_cake],[url])VALUES (70,'https://www.savor.vn/static/45054990c20f77bb65115c66d8edb5ef/fcf1d/banh-kem-khung-long.png')
INSERT INTO [dbo].[CakeImages]([id_cake],[url])VALUES (71,'https://www.savor.vn/static/0e0bfdd72541fbc1bb5d7559cb47fae7/f31b5/banh-kem-elsa.png')
INSERT INTO [dbo].[CakeImages]([id_cake],[url])VALUES (72,'https://www.savor.vn/static/273aebc7c4c21fe4cea7b586914d7752/71086/banh-kem-mango-chick.jpg')
INSERT INTO [dbo].[CakeImages]([id_cake],[url])VALUES (73,'https://www.savor.vn/static/54ce5c860583290ff10db12bdc7b394c/be182/banh-ve-nguoi-nhen.png')
INSERT INTO [dbo].[CakeImages]([id_cake],[url])VALUES (76,'https://www.savor.vn/static/80a6a5ffc9ba07d9db02ec09e1ed3cb3/dd7ce/bong-lan-trung-muoi-vuong-cat-mieng-16.jpg')
INSERT INTO [dbo].[CakeImages]([id_cake],[url])VALUES (77,'https://www.savor.vn/static/c7d129f0141580afcc0c588c6eee6e7d/7042b/banh-mousse-vuong-sua-chua-viet-quat.jpg')
INSERT INTO [dbo].[CakeImages]([id_cake],[url])VALUES (80,'https://www.savor.vn/static/0e82f567dca4b0b142f06608f0d9f320/996dd/set-mousse-trang-tri-hoa-qua-tuoi-set-9.jpg')
INSERT INTO [dbo].[CakeImages]([id_cake],[url])VALUES (81,'https://www.savor.vn/static/73975689b896a5ba867871d73ea3d9f5/bea25/set-mousse-vi-khong-trang-tri-hoa-qua-set-9.jpg')
INSERT INTO [dbo].[CakeImages]([id_cake],[url])VALUES (82,'https://www.savor.vn/static/a38663c868b30e7fe303b37852eef613/996dd/set-mousse-trang-tri-hoa-qua-tuoi-set-25.jpg')
INSERT INTO [dbo].[CakeImages]([id_cake],[url])VALUES (83,'https://www.savor.vn/static/b47cc4a9c6d765fc8d12d2c26f782fcc/e661b/set-mousse-trang-tri-hoa-qua-tuoi-set-12.jpg')
INSERT INTO [dbo].[CakeImages]([id_cake],[url])VALUES (84,'https://www.savor.vn/static/e7a30097197f6fed15cbbc568797741f/996dd/set-mousse-vi-khong-trang-tri-hoa-qua-set-12.jpg')
INSERT INTO [dbo].[CakeImages]([id_cake],[url])VALUES (86,'https://www.savor.vn/static/b2bb7d03f879a4603bcfc313ee78211b/996dd/set-mousse-vi-khong-trang-tri-hoa-qua-set-25.jpg')
INSERT INTO [dbo].[CakeImages]([id_cake],[url])VALUES (88,'https://www.savor.vn/static/13c952de008dc3e0c2aa2b1171fe724a/a2615/banh-kem-chu-nhat-cat-mieng-vi-sua-chua-hoa-qua.png')
INSERT INTO [dbo].[CakeImages]([id_cake],[url])VALUES (90,'https://www.savor.vn/static/e654f1d0cdc64257ed1e247be95e41d9/c444f/banh-kem-chu-nhat-sua-chua-hoa-qua-mentor.jpg')
INSERT INTO [dbo].[CakeImages]([id_cake],[url])VALUES (91,'https://www.savor.vn/static/589bdd6afa9c7086da9b1e89edf950a8/7042b/bong-lan-trung-muoi-chu-nhat-khong-cat-mieng.jpg')
INSERT INTO [dbo].[CakeImages]([id_cake],[url])VALUES (93,'https://www.savor.vn/static/9024c86072fa397be886002964dfbedb/a2615/banh-kem-chu-nhat-cat-mieng-viet-chu.png')
INSERT INTO [dbo].[CakeImages]([id_cake],[url])VALUES (94,'https://www.savor.vn/static/3526c481039778fd50f4a105a8864d48/91bd2/banh-kem-chu-nhat-order.png')
INSERT INTO [dbo].[CakeImages]([id_cake],[url])VALUES (95,'https://www.savor.vn/static/90f0b2deae909f8cdcd5700b1b83c477/3ff0a/banh-kem-galaxy-blue.png')
INSERT INTO [dbo].[CakeImages]([id_cake],[url])VALUES (97,'https://www.savor.vn/static/58a4154a3da1cb98b996ea80fd5f3e98/104ee/banh-kem-trai-tim-nhi.png')
INSERT INTO [dbo].[CakeImages]([id_cake],[url])VALUES (98,'https://www.savor.vn/static/6252941a0ec615885e773a305bc460a8/4604f/banh-kem-cherry-hong-pastel.png')
INSERT INTO [dbo].[CakeImages]([id_cake],[url])VALUES (99,'https://www.savor.vn/static/7756c8b0d54663fc96c50afac307f117/33824/banh-kem-colorful-rainbow.jpg')
INSERT INTO [dbo].[CakeImages]([id_cake],[url])VALUES (100,'https://www.savor.vn/static/abdd91bd8edec4cbba084007a52638e4/cecbc/banh-kem-colorful-5-mau.jpg')
INSERT INTO [dbo].[CakeSizes]([id_cake],[size],[price],[old_price])VALUES (0,N'Hộp',500000,Null)
INSERT INTO [dbo].[CakeSizes]([id_cake],[size],[price],[old_price])VALUES (1,N'Hộp',800000,Null)
INSERT INTO [dbo].[CakeSizes]([id_cake],[size],[price],[old_price])VALUES (2,N'500g',200000,Null)
INSERT INTO [dbo].[CakeSizes]([id_cake],[size],[price],[old_price])VALUES (3,N'1kg',390000,Null)
INSERT INTO [dbo].[CakeSizes]([id_cake],[size],[price],[old_price])VALUES (4,N'500g',200000,Null)
INSERT INTO [dbo].[CakeSizes]([id_cake],[size],[price],[old_price])VALUES (5,N'500g',200000,Null)
INSERT INTO [dbo].[CakeSizes]([id_cake],[size],[price],[old_price])VALUES (6,N'500g',200000,Null)
INSERT INTO [dbo].[CakeSizes]([id_cake],[size],[price],[old_price])VALUES (7,N'500g',200000,Null)
INSERT INTO [dbo].[CakeSizes]([id_cake],[size],[price],[old_price])VALUES (8,N'500g',200000,Null)
INSERT INTO [dbo].[CakeSizes]([id_cake],[size],[price],[old_price])VALUES (9,N'500g',200000,Null)
INSERT INTO [dbo].[CakeSizes]([id_cake],[size],[price],[old_price])VALUES (10,N'500g',200000,Null)
INSERT INTO [dbo].[CakeSizes]([id_cake],[size],[price],[old_price])VALUES (11,N'500g',200000,Null)
INSERT INTO [dbo].[CakeSizes]([id_cake],[size],[price],[old_price])VALUES (12,N'13x6cm',150000,190000)
INSERT INTO [dbo].[CakeSizes]([id_cake],[size],[price],[old_price])VALUES (12,N'17x8cm',220000,275000)
INSERT INTO [dbo].[CakeSizes]([id_cake],[size],[price],[old_price])VALUES (13,N'13x6cm',150000,190000)
INSERT INTO [dbo].[CakeSizes]([id_cake],[size],[price],[old_price])VALUES (13,N'17x8cm',220000,275000)
INSERT INTO [dbo].[CakeSizes]([id_cake],[size],[price],[old_price])VALUES (14,N'14x6cm',150000,190000)
INSERT INTO [dbo].[CakeSizes]([id_cake],[size],[price],[old_price])VALUES (14,N'16x8cm',220000,275000)
INSERT INTO [dbo].[CakeSizes]([id_cake],[size],[price],[old_price])VALUES (15,N'13x6cm',180000,230000)
INSERT INTO [dbo].[CakeSizes]([id_cake],[size],[price],[old_price])VALUES (17,N'13x6cm',220000,275000)
INSERT INTO [dbo].[CakeSizes]([id_cake],[size],[price],[old_price])VALUES (18,N'13x6cm',180000,230000)
INSERT INTO [dbo].[CakeSizes]([id_cake],[size],[price],[old_price])VALUES (18,N'17x8cm',270000,350000)
INSERT INTO [dbo].[CakeSizes]([id_cake],[size],[price],[old_price])VALUES (18,N'21x8cm',350000,490000)
INSERT INTO [dbo].[CakeSizes]([id_cake],[size],[price],[old_price])VALUES (19,N'13x6cm',180000,230000)
INSERT INTO [dbo].[CakeSizes]([id_cake],[size],[price],[old_price])VALUES (19,N'17x8cm',270000,350000)
INSERT INTO [dbo].[CakeSizes]([id_cake],[size],[price],[old_price])VALUES (19,N'21x8cm',350000,450000)
INSERT INTO [dbo].[CakeSizes]([id_cake],[size],[price],[old_price])VALUES (20,N'13x6cm',150000,190000)
INSERT INTO [dbo].[CakeSizes]([id_cake],[size],[price],[old_price])VALUES (20,N'17x8cm',220000,275000)
INSERT INTO [dbo].[CakeSizes]([id_cake],[size],[price],[old_price])VALUES (20,N'21x8cm',290000,400000)
INSERT INTO [dbo].[CakeSizes]([id_cake],[size],[price],[old_price])VALUES (21,N'13x6cm',180000,230000)
INSERT INTO [dbo].[CakeSizes]([id_cake],[size],[price],[old_price])VALUES (21,N'17x8cm',270000,350000)
INSERT INTO [dbo].[CakeSizes]([id_cake],[size],[price],[old_price])VALUES (21,N'21x8cm',350000,450000)
INSERT INTO [dbo].[CakeSizes]([id_cake],[size],[price],[old_price])VALUES (22,N'13x6cm',180000,230000)
INSERT INTO [dbo].[CakeSizes]([id_cake],[size],[price],[old_price])VALUES (22,N'17x8cm',270000,350000)
INSERT INTO [dbo].[CakeSizes]([id_cake],[size],[price],[old_price])VALUES (22,N'21x8cm',350000,490000)
INSERT INTO [dbo].[CakeSizes]([id_cake],[size],[price],[old_price])VALUES (24,N'14x6cm',220000,275000)
INSERT INTO [dbo].[CakeSizes]([id_cake],[size],[price],[old_price])VALUES (24,N'18x6cm',320000,400000)
INSERT INTO [dbo].[CakeSizes]([id_cake],[size],[price],[old_price])VALUES (24,N'20x6cm',480000,600000)
INSERT INTO [dbo].[CakeSizes]([id_cake],[size],[price],[old_price])VALUES (25,N'14x6cm',220000,275000)
INSERT INTO [dbo].[CakeSizes]([id_cake],[size],[price],[old_price])VALUES (25,N'18x6cm',320000,400000)
INSERT INTO [dbo].[CakeSizes]([id_cake],[size],[price],[old_price])VALUES (25,N'20x6cm',480000,600000)
INSERT INTO [dbo].[CakeSizes]([id_cake],[size],[price],[old_price])VALUES (26,N'13x6cm',180000,230000)
INSERT INTO [dbo].[CakeSizes]([id_cake],[size],[price],[old_price])VALUES (26,N'17x8cm',270000,350000)
INSERT INTO [dbo].[CakeSizes]([id_cake],[size],[price],[old_price])VALUES (26,N'21x8cm',390000,490000)
INSERT INTO [dbo].[CakeSizes]([id_cake],[size],[price],[old_price])VALUES (27,N'13x6cm',150000,190000)
INSERT INTO [dbo].[CakeSizes]([id_cake],[size],[price],[old_price])VALUES (27,N'17x8cm',220000,275000)
INSERT INTO [dbo].[CakeSizes]([id_cake],[size],[price],[old_price])VALUES (27,N'21x8cm',290000,400000)
INSERT INTO [dbo].[CakeSizes]([id_cake],[size],[price],[old_price])VALUES (28,N'14x6cm',220000,275000)
INSERT INTO [dbo].[CakeSizes]([id_cake],[size],[price],[old_price])VALUES (28,N'18x6cm',320000,400000)
INSERT INTO [dbo].[CakeSizes]([id_cake],[size],[price],[old_price])VALUES (28,N'20x6cm',420000,600000)
INSERT INTO [dbo].[CakeSizes]([id_cake],[size],[price],[old_price])VALUES (29,N'14x6cm',180000,230000)
INSERT INTO [dbo].[CakeSizes]([id_cake],[size],[price],[old_price])VALUES (29,N'18x6cm',270000,350000)
INSERT INTO [dbo].[CakeSizes]([id_cake],[size],[price],[old_price])VALUES (29,N'20x6cm',390000,490000)
INSERT INTO [dbo].[CakeSizes]([id_cake],[size],[price],[old_price])VALUES (30,N'14x6cm',180000,230000)
INSERT INTO [dbo].[CakeSizes]([id_cake],[size],[price],[old_price])VALUES (30,N'18x6cm',270000,350000)
INSERT INTO [dbo].[CakeSizes]([id_cake],[size],[price],[old_price])VALUES (30,N'20x6cm',350000,490000)
INSERT INTO [dbo].[CakeSizes]([id_cake],[size],[price],[old_price])VALUES (31,N'14x6cm',220000,275000)
INSERT INTO [dbo].[CakeSizes]([id_cake],[size],[price],[old_price])VALUES (31,N'18x6cm',320000,400000)
INSERT INTO [dbo].[CakeSizes]([id_cake],[size],[price],[old_price])VALUES (31,N'21x8cm',480000,600000)
INSERT INTO [dbo].[CakeSizes]([id_cake],[size],[price],[old_price])VALUES (32,N'14x6cm',220000,275000)
INSERT INTO [dbo].[CakeSizes]([id_cake],[size],[price],[old_price])VALUES (32,N'18x6cm',320000,400000)
INSERT INTO [dbo].[CakeSizes]([id_cake],[size],[price],[old_price])VALUES (32,N'20x6cm',480000,600000)
INSERT INTO [dbo].[CakeSizes]([id_cake],[size],[price],[old_price])VALUES (33,N'14x4cm',220000,275000)
INSERT INTO [dbo].[CakeSizes]([id_cake],[size],[price],[old_price])VALUES (33,N'18x5cm',320000,400000)
INSERT INTO [dbo].[CakeSizes]([id_cake],[size],[price],[old_price])VALUES (33,N'20x5cm',420000,600000)
INSERT INTO [dbo].[CakeSizes]([id_cake],[size],[price],[old_price])VALUES (34,N'14x6cm',220000,275000)
INSERT INTO [dbo].[CakeSizes]([id_cake],[size],[price],[old_price])VALUES (34,N'18x6cm',320000,400000)
INSERT INTO [dbo].[CakeSizes]([id_cake],[size],[price],[old_price])VALUES (34,N'20x6cm',420000,600000)
INSERT INTO [dbo].[CakeSizes]([id_cake],[size],[price],[old_price])VALUES (38,N'13x6cm',150000,190000)
INSERT INTO [dbo].[CakeSizes]([id_cake],[size],[price],[old_price])VALUES (38,N'17x8cm',220000,275000)
INSERT INTO [dbo].[CakeSizes]([id_cake],[size],[price],[old_price])VALUES (38,N'21x8cm',290000,400000)
INSERT INTO [dbo].[CakeSizes]([id_cake],[size],[price],[old_price])VALUES (39,N'14x6cm',150000,190000)
INSERT INTO [dbo].[CakeSizes]([id_cake],[size],[price],[old_price])VALUES (39,N'18x6cm',220000,275000)
INSERT INTO [dbo].[CakeSizes]([id_cake],[size],[price],[old_price])VALUES (39,N'21x7cm',290000,400000)
INSERT INTO [dbo].[CakeSizes]([id_cake],[size],[price],[old_price])VALUES (40,N'13x6cm',120000,150000)
INSERT INTO [dbo].[CakeSizes]([id_cake],[size],[price],[old_price])VALUES (40,N'17x8cm',190000,240000)
INSERT INTO [dbo].[CakeSizes]([id_cake],[size],[price],[old_price])VALUES (40,N'21x8cm',270000,340000)
INSERT INTO [dbo].[CakeSizes]([id_cake],[size],[price],[old_price])VALUES (41,N'13x6cm',150000,190000)
INSERT INTO [dbo].[CakeSizes]([id_cake],[size],[price],[old_price])VALUES (41,N'17x8cm',220000,275000)
INSERT INTO [dbo].[CakeSizes]([id_cake],[size],[price],[old_price])VALUES (41,N'21x8cm',290000,400000)
INSERT INTO [dbo].[CakeSizes]([id_cake],[size],[price],[old_price])VALUES (42,N'14x6cm',180000,230000)
INSERT INTO [dbo].[CakeSizes]([id_cake],[size],[price],[old_price])VALUES (42,N'18x8cm',270000,350000)
INSERT INTO [dbo].[CakeSizes]([id_cake],[size],[price],[old_price])VALUES (42,N'20x8cm',390000,490000)
INSERT INTO [dbo].[CakeSizes]([id_cake],[size],[price],[old_price])VALUES (43,N'13x6cm',150000,190000)
INSERT INTO [dbo].[CakeSizes]([id_cake],[size],[price],[old_price])VALUES (43,N'17x8cm',220000,275000)
INSERT INTO [dbo].[CakeSizes]([id_cake],[size],[price],[old_price])VALUES (43,N'21x8cm',290000,400000)
INSERT INTO [dbo].[CakeSizes]([id_cake],[size],[price],[old_price])VALUES (45,N'13x6cm',150000,190000)
INSERT INTO [dbo].[CakeSizes]([id_cake],[size],[price],[old_price])VALUES (45,N'17x8cm',220000,275000)
INSERT INTO [dbo].[CakeSizes]([id_cake],[size],[price],[old_price])VALUES (45,N'21x8cm',290000,400000)
INSERT INTO [dbo].[CakeSizes]([id_cake],[size],[price],[old_price])VALUES (46,N'14x6cm',180000,230000)
INSERT INTO [dbo].[CakeSizes]([id_cake],[size],[price],[old_price])VALUES (46,N'18x6cm',270000,350000)
INSERT INTO [dbo].[CakeSizes]([id_cake],[size],[price],[old_price])VALUES (46,N'20x6cm',390000,490000)
INSERT INTO [dbo].[CakeSizes]([id_cake],[size],[price],[old_price])VALUES (47,N'14x6cm',180000,230000)
INSERT INTO [dbo].[CakeSizes]([id_cake],[size],[price],[old_price])VALUES (47,N'18x6cm',270000,350000)
INSERT INTO [dbo].[CakeSizes]([id_cake],[size],[price],[old_price])VALUES (47,N'20x6cm',390000,490000)
INSERT INTO [dbo].[CakeSizes]([id_cake],[size],[price],[old_price])VALUES (50,N'14x6cm',150000,190000)
INSERT INTO [dbo].[CakeSizes]([id_cake],[size],[price],[old_price])VALUES (50,N'16x8cm',220000,275000)
INSERT INTO [dbo].[CakeSizes]([id_cake],[size],[price],[old_price])VALUES (50,N'20x8cm',290000,400000)
INSERT INTO [dbo].[CakeSizes]([id_cake],[size],[price],[old_price])VALUES (52,N'14x6cm',220000,275000)
INSERT INTO [dbo].[CakeSizes]([id_cake],[size],[price],[old_price])VALUES (52,N'16x8cm',320000,400000)
INSERT INTO [dbo].[CakeSizes]([id_cake],[size],[price],[old_price])VALUES (52,N'20x8cm',420000,600000)
INSERT INTO [dbo].[CakeSizes]([id_cake],[size],[price],[old_price])VALUES (53,N'14x6cm',180000,230000)
INSERT INTO [dbo].[CakeSizes]([id_cake],[size],[price],[old_price])VALUES (53,N'16x8cm',270000,350000)
INSERT INTO [dbo].[CakeSizes]([id_cake],[size],[price],[old_price])VALUES (53,N'20x8cm',350000,450000)
INSERT INTO [dbo].[CakeSizes]([id_cake],[size],[price],[old_price])VALUES (54,N'14x6cm',180000,230000)
INSERT INTO [dbo].[CakeSizes]([id_cake],[size],[price],[old_price])VALUES (54,N'16x8cm',270000,350000)
INSERT INTO [dbo].[CakeSizes]([id_cake],[size],[price],[old_price])VALUES (54,N'20x8cm',350000,490000)
INSERT INTO [dbo].[CakeSizes]([id_cake],[size],[price],[old_price])VALUES (55,N'13x6cm',150000,190000)
INSERT INTO [dbo].[CakeSizes]([id_cake],[size],[price],[old_price])VALUES (55,N'17x8cm',220000,275000)
INSERT INTO [dbo].[CakeSizes]([id_cake],[size],[price],[old_price])VALUES (55,N'21x8cm',290000,400000)
INSERT INTO [dbo].[CakeSizes]([id_cake],[size],[price],[old_price])VALUES (57,N'13x6cm',150000,190000)
INSERT INTO [dbo].[CakeSizes]([id_cake],[size],[price],[old_price])VALUES (57,N'17x8cm',220000,275000)
INSERT INTO [dbo].[CakeSizes]([id_cake],[size],[price],[old_price])VALUES (57,N'21x8cm',290000,400000)
INSERT INTO [dbo].[CakeSizes]([id_cake],[size],[price],[old_price])VALUES (58,N'14x6cm',180000,230000)
INSERT INTO [dbo].[CakeSizes]([id_cake],[size],[price],[old_price])VALUES (58,N'18x6cm',270000,350000)
INSERT INTO [dbo].[CakeSizes]([id_cake],[size],[price],[old_price])VALUES (58,N'20x6cm',350000,490000)
INSERT INTO [dbo].[CakeSizes]([id_cake],[size],[price],[old_price])VALUES (60,N'13x6cm',180000,230000)
INSERT INTO [dbo].[CakeSizes]([id_cake],[size],[price],[old_price])VALUES (60,N'17x8cm',270000,350000)
INSERT INTO [dbo].[CakeSizes]([id_cake],[size],[price],[old_price])VALUES (60,N'21x8cm',350000,490000)
INSERT INTO [dbo].[CakeSizes]([id_cake],[size],[price],[old_price])VALUES (61,N'13x6cm',220000,275000)
INSERT INTO [dbo].[CakeSizes]([id_cake],[size],[price],[old_price])VALUES (61,N'17x8cm',320000,400000)
INSERT INTO [dbo].[CakeSizes]([id_cake],[size],[price],[old_price])VALUES (62,N'13x6cm',180000,230000)
INSERT INTO [dbo].[CakeSizes]([id_cake],[size],[price],[old_price])VALUES (63,N'13x6cm',220000,275000)
INSERT INTO [dbo].[CakeSizes]([id_cake],[size],[price],[old_price])VALUES (63,N'17x8cm',320000,400000)
INSERT INTO [dbo].[CakeSizes]([id_cake],[size],[price],[old_price])VALUES (64,N'13x6cm',150000,190000)
INSERT INTO [dbo].[CakeSizes]([id_cake],[size],[price],[old_price])VALUES (64,N'17x8cm',220000,275000)
INSERT INTO [dbo].[CakeSizes]([id_cake],[size],[price],[old_price])VALUES (64,N'21x8cm',290000,400000)
INSERT INTO [dbo].[CakeSizes]([id_cake],[size],[price],[old_price])VALUES (65,N'13x18cm',180000,230000)
INSERT INTO [dbo].[CakeSizes]([id_cake],[size],[price],[old_price])VALUES (66,N'13x6cm',150000,190000)
INSERT INTO [dbo].[CakeSizes]([id_cake],[size],[price],[old_price])VALUES (66,N'17x8cm',220000,275000)
INSERT INTO [dbo].[CakeSizes]([id_cake],[size],[price],[old_price])VALUES (66,N'21x8cm',320000,400000)
INSERT INTO [dbo].[CakeSizes]([id_cake],[size],[price],[old_price])VALUES (67,N'16x10x8cm',180000,230000)
INSERT INTO [dbo].[CakeSizes]([id_cake],[size],[price],[old_price])VALUES (67,N'21x13x10cm',270000,350000)
INSERT INTO [dbo].[CakeSizes]([id_cake],[size],[price],[old_price])VALUES (68,N'13x6cm',150000,190000)
INSERT INTO [dbo].[CakeSizes]([id_cake],[size],[price],[old_price])VALUES (68,N'17x8cm',220000,275000)
INSERT INTO [dbo].[CakeSizes]([id_cake],[size],[price],[old_price])VALUES (68,N'21x8cm',320000,400000)
INSERT INTO [dbo].[CakeSizes]([id_cake],[size],[price],[old_price])VALUES (69,N'13x6cm',150000,190000)
INSERT INTO [dbo].[CakeSizes]([id_cake],[size],[price],[old_price])VALUES (69,N'17x8cm',220000,275000)
INSERT INTO [dbo].[CakeSizes]([id_cake],[size],[price],[old_price])VALUES (69,N'21x8cm',290000,400000)
INSERT INTO [dbo].[CakeSizes]([id_cake],[size],[price],[old_price])VALUES (70,N'13x6cm',150000,190000)
INSERT INTO [dbo].[CakeSizes]([id_cake],[size],[price],[old_price])VALUES (70,N'17x8cm',220000,275000)
INSERT INTO [dbo].[CakeSizes]([id_cake],[size],[price],[old_price])VALUES (70,N'21x8cm',320000,400000)
INSERT INTO [dbo].[CakeSizes]([id_cake],[size],[price],[old_price])VALUES (71,N'13x6cm',150000,190000)
INSERT INTO [dbo].[CakeSizes]([id_cake],[size],[price],[old_price])VALUES (71,N'17x8cm',220000,275000)
INSERT INTO [dbo].[CakeSizes]([id_cake],[size],[price],[old_price])VALUES (71,N'21x8cm',320000,400000)
INSERT INTO [dbo].[CakeSizes]([id_cake],[size],[price],[old_price])VALUES (72,N'13x6cm',150000,190000)
INSERT INTO [dbo].[CakeSizes]([id_cake],[size],[price],[old_price])VALUES (72,N'17x8cm',220000,275000)
INSERT INTO [dbo].[CakeSizes]([id_cake],[size],[price],[old_price])VALUES (72,N'21x8cm',290000,400000)
INSERT INTO [dbo].[CakeSizes]([id_cake],[size],[price],[old_price])VALUES (73,N'13x6cm',180000,230000)
INSERT INTO [dbo].[CakeSizes]([id_cake],[size],[price],[old_price])VALUES (73,N'17x8cm',270000,350000)
INSERT INTO [dbo].[CakeSizes]([id_cake],[size],[price],[old_price])VALUES (73,N'21x8cm',350000,490000)
INSERT INTO [dbo].[CakeSizes]([id_cake],[size],[price],[old_price])VALUES (76,N'18x18x6cm',320000,400000)
INSERT INTO [dbo].[CakeSizes]([id_cake],[size],[price],[old_price])VALUES (77,N'18x18x6cm',320000,400000)
INSERT INTO [dbo].[CakeSizes]([id_cake],[size],[price],[old_price])VALUES (80,N'4.2x4.2x4.8cm/cốc',220000,Null)
INSERT INTO [dbo].[CakeSizes]([id_cake],[size],[price],[old_price])VALUES (81,N'4.2x4.2x4.8cm/cốc',180000,Null)
INSERT INTO [dbo].[CakeSizes]([id_cake],[size],[price],[old_price])VALUES (82,N'4.2x4.2x4.8cm/cốc',490000,Null)
INSERT INTO [dbo].[CakeSizes]([id_cake],[size],[price],[old_price])VALUES (83,N'4.2x4.2x4.8cm/cốc',270000,Null)
INSERT INTO [dbo].[CakeSizes]([id_cake],[size],[price],[old_price])VALUES (84,N'4.2x4.2x4.8cm/cốc',220000,Null)
INSERT INTO [dbo].[CakeSizes]([id_cake],[size],[price],[old_price])VALUES (86,N'4.2x4.2x4.8cm/cốc',420000,Null)
INSERT INTO [dbo].[CakeSizes]([id_cake],[size],[price],[old_price])VALUES (88,N'24x32x6cm',480000,600000)
INSERT INTO [dbo].[CakeSizes]([id_cake],[size],[price],[old_price])VALUES (90,N'24x32x6cm',480000,600000)
INSERT INTO [dbo].[CakeSizes]([id_cake],[size],[price],[old_price])VALUES (91,N'24x32x6cm',480000,600000)
INSERT INTO [dbo].[CakeSizes]([id_cake],[size],[price],[old_price])VALUES (93,N'24x32x6cm',480000,600000)
INSERT INTO [dbo].[CakeSizes]([id_cake],[size],[price],[old_price])VALUES (94,N'24x32x6cm',450000,560000)
INSERT INTO [dbo].[CakeSizes]([id_cake],[size],[price],[old_price])VALUES (95,N'13x6cm',120000,150000)
INSERT INTO [dbo].[CakeSizes]([id_cake],[size],[price],[old_price])VALUES (95,N'17x8cm',190000,240000)
INSERT INTO [dbo].[CakeSizes]([id_cake],[size],[price],[old_price])VALUES (95,N'21x8cm',270000,340000)
INSERT INTO [dbo].[CakeSizes]([id_cake],[size],[price],[old_price])VALUES (97,N'14x6cm',150000,190000)
INSERT INTO [dbo].[CakeSizes]([id_cake],[size],[price],[old_price])VALUES (97,N'18x6cm',220000,275000)
INSERT INTO [dbo].[CakeSizes]([id_cake],[size],[price],[old_price])VALUES (97,N'21x7cm',290000,400000)
INSERT INTO [dbo].[CakeSizes]([id_cake],[size],[price],[old_price])VALUES (98,N'13x6cm',150000,190000)
INSERT INTO [dbo].[CakeSizes]([id_cake],[size],[price],[old_price])VALUES (98,N'17x8cm',220000,275000)
INSERT INTO [dbo].[CakeSizes]([id_cake],[size],[price],[old_price])VALUES (98,N'21x8cm',290000,400000)
INSERT INTO [dbo].[CakeSizes]([id_cake],[size],[price],[old_price])VALUES (99,N'13x6cm',150000,190000)
INSERT INTO [dbo].[CakeSizes]([id_cake],[size],[price],[old_price])VALUES (99,N'17x8cm',220000,275000)
INSERT INTO [dbo].[CakeSizes]([id_cake],[size],[price],[old_price])VALUES (99,N'21x8cm',290000,400000)
INSERT INTO [dbo].[CakeSizes]([id_cake],[size],[price],[old_price])VALUES (100,N'13x6cm',150000,190000)
INSERT INTO [dbo].[CakeSizes]([id_cake],[size],[price],[old_price])VALUES (100,N'17x8cm',220000,275000)
INSERT INTO [dbo].[CakeSizes]([id_cake],[size],[price],[old_price])VALUES (100,N'21x8cm',290000,400000)
